Energy, geothermal, converted;('natural resource', 'in ground');megajoule
chemical factory construction, organics;RoW;unit;chemical factory, organics
market for metal working, average for steel product manufacturing;GLO;kilogram;metal working, average for steel product manufacturing
Methane, bromochlorodifluoro-, Halon 1211;('air', 'non-urban air or from high stacks');kilogram
injection moulding;RER;kilogram;injection moulding
Propene;('air',);kilogram
Electrolyte, LFP;JP;kilogram;Electrolyte, LFP
Heat, waste;('water', 'ground-, long-term');megajoule
market for nickel sulfate;GLO;kilogram;nickel sulfate
Radiator;GLO;kilogram;Radiator
Positive active material, NMC-622;GLO;kilogram;Positive active material
Ethanol from maize starch;RER;kilogram;Ethanol from maize starch
transport, pipeline, supercritical CO2, 200km w/o recompression;RER;ton kilometer;transport, pipeline, supercritical CO2, 200km w/o recompression
Positive current collector Al;GLO;kilogram;Positive current collector Al
container, with pipes and fittings, for diaphragm compressor;GLO;unit;container, with pipes and fittings, for diaphragm compressor
Maize cultivation, drying and storage {RER} | Maize production Europe | Alloc Rec, U;RER;megajoule;Maize cultivation, drying and storage {RER} | Maize production Europe | Alloc Rec, U
m-Xylene;('air', 'non-urban air or from high stacks');kilogram
market for N-methyl-2-pyrrolidone;GLO;kilogram;N-methyl-2-pyrrolidone
PEM electrolyzer, Operation and Maintenance;RER;hour;PEM electrolyzer, Operation and Maintenance
distribution network construction, electricity, low voltage;CH;kilometer;distribution network, electricity, low voltage
market for natural gas, medium pressure, vehicle grade;GLO;kilogram;natural gas, medium pressure, vehicle grade
Anode current collector, NCA;JP;kilogram;Anode current collector, NCA
Ammonia;('air', 'low population density, long-term');kilogram
market for heat, from steam, in chemical industry;RER;megajoule;heat, from steam, in chemical industry
Noble gases, radioactive, unspecified;('air', 'non-urban air or from high stacks');kilo Becquerel
Sulfate;('water', 'ground-, long-term');kilogram
Clamps and fasteners;GLO;kilogram;Clamps and fasteners
Cathode current collector, LFP;JP;kilogram;Cathode current collector, LFP
straw pellets;RER;megajoule;straw pellets
Biodiesel, from algae, at fuelling station;RER;kilogram;biodiesel, vehicle grade
Manifolds;GLO;kilogram;Manifolds
electricity production, nuclear, pressure water reactor;DE;kilowatt hour;electricity, high voltage
market group for electricity, high voltage;EUR;kilowatt hour;electricity, high voltage
1-Pentene;('air', 'low population density, long-term');kilogram
market for gas turbine, 10MW electrical;GLO;unit;gas turbine, 10MW electrical
Separator;GLO;kilogram;Separator
market for heat, from steam, in chemical industry;RoW;megajoule;heat, from steam, in chemical industry
Separator, LFP;JP;kilogram;Separator, LFP
market for soil pH raising agent, as CaCO3;GLO;kilogram;soil pH raising agent, as CaCO3
market for welding, arc, steel;GLO;meter;welding, arc, steel
treatment of tyre wear emissions, passenger car;RER;kilogram;tyre wear emissions, passenger car
air separation, cryogenic;RoW;kilogram;oxygen, liquid
market for rape seed;GLO;kilogram;rape seed
market for water, decarbonised;DE;kilogram;water, decarbonised
Cell container;GLO;kilogram;Cell container
Chloride;('water', 'ground-');kilogram
market for anode, graphite, for lithium-ion battery;GLO;kilogram;anode, graphite, for lithium-ion battery
Nitrogen oxides;('air', 'low population density, long-term');kilogram
Heptane;('air', 'non-urban air or from high stacks');kilogram
market for electronic component, passive, unspecified;GLO;kilogram;electronic component, passive, unspecified
treatment of municipal solid waste, incineration;DE;kilowatt hour;electricity, for reuse in municipal waste incineration only
market for lithium hydroxide;GLO;kilogram;lithium hydroxide
market for brass;CH;kilogram;brass
market for light fuel oil;RoW;kilogram;light fuel oil
o-Xylene;('air',);kilogram
Tray seal;GLO;kilogram;Tray seal
o-Xylene;('air', 'urban air close to ground');kilogram
market for packaging film, low density polyethylene;GLO;kilogram;packaging film, low density polyethylene
Bimetallic busbars and washers;GLO;kilogram;Bimetallic busbars and washers
market for graphite;GLO;kilogram;graphite
Crude Palm Oil extraction from FFBs {RER} |oil mill|;RER;megajoule;Crude Palm Oil extraction from FFBs {RER} |oil mill|
Anode paste, LFP;JP;kilogram;Anode paste, LFP
Straw bales | baling of straw;RER;megajoule;Straw bales | baling of straw
Tray with fasteners;GLO;kilogram;Tray with fasteners
Wood, soft, standing;('natural resource', 'biotic');cubic meter
market for styrene;GLO;kilogram;styrene
Coal, brown, in ground;('natural resource', 'in ground');kilogram
market for hydrogen, liquid;RER;kilogram;hydrogen, liquid
Selective coating, sputtering;GLO;square meter;Selective coating, sputtering
Calcium;('soil', 'agricultural');kilogram
Hydrogen, gaseous, 25 bar, from electrolysis;RER;kilogram;Hydrogen, gaseous, 25 bar
Silicon;('water', 'ground-, long-term');kilogram
market for polypropylene, granulate;GLO;kilogram;polypropylene, granulate
Carbon-14;('air', 'non-urban air or from high stacks');kilo Becquerel
Hydrocarbons, aromatic;('water', 'surface water');kilogram
Sulfur;('water', 'surface water');kilogram
Cyclohexane;('air', 'non-urban air or from high stacks');kilogram
market for natural gas, high pressure, vehicle grade;GLO;kilogram;natural gas, high pressure, vehicle grade
Carbon dioxide, from soil or biomass stock;('air',);kilogram
Carbon dioxide, in air;('natural resource', 'in air');kilogram
Xenon-133;('air', 'non-urban air or from high stacks');kilo Becquerel
Dinitrogen monoxide;('air', 'urban air close to ground');kilogram
Occupation, dump site;('natural resource', 'land');square meter-year
market for heat, district or industrial, natural gas;RoW;megajoule;heat, district or industrial, natural gas
market group for inorganic phosphorus fertiliser, as P2O5;RER;kilogram;inorganic phosphorus fertiliser, as P2O5
Methane, fossil;('air', 'non-urban air or from high stacks');kilogram
market for electronic component factory;GLO;unit;electronic component factory
market for synthetic rubber;GLO;kilogram;synthetic rubber
COD, Chemical Oxygen Demand;('water', 'surface water');kilogram
Rapeseed cultivation {RER} | rapeseed production Europe | Alloc Rec, U;RER;megajoule;Rapeseed cultivation {RER} | rapeseed production Europe | Alloc Rec, U
Carbon monoxide, non-fossil;('air',);kilogram
treatment of wastewater, average, capacity 1E9l/year;Europe without Switzerland;cubic meter;wastewater, average
market for magnesium sulfate;GLO;kilogram;magnesium sulfate
market group for electricity, low voltage;EUR;kilowatt hour;electricity, low voltage
heat production, natural gas, at industrial furnace low-NOx >100kW;Europe without Switzerland;megajoule;heat, district or industrial, natural gas
Toluene;('air',);kilogram
nitric acid production, product in 50% solution state;RER w/o RU;kilogram;nitric acid, without water, in 50% solution state
Chromium;('air',);kilogram
treatment of wastewater, from residence, capacity 1.1E10l/year;RoW;cubic meter;wastewater, from residence
Carbon monoxide, from soil or biomass stock;('air', 'non-urban air or from high stacks');kilogram
Chromium;('air', 'non-urban air or from high stacks');kilogram
Calcium, ion;('water', 'surface water');kilogram
IBIS fasteners;GLO;kilogram;IBIS fasteners
treatment of drilling waste, residual material landfill;CH;kilogram;drilling waste
electricity production, natural gas, conventional power plant;DE;kilowatt hour;electricity, high voltage
Oxygen;('natural resource', 'in air');kilogram
market for maintenance, electric scooter, without battery;GLO;unit;maintenance, electric scooter, without battery
noise, octave 7, day time, rural;('octave 7', 'day time', 'rural');joule
market for titanium dioxide;RoW;kilogram;titanium dioxide
electricity production, at power plant/hard coal, post, pipeline 200km, storage 1000m;RER;kilowatt hour;electricity, high voltage
Radon-222;('air', 'low population density, long-term');kilo Becquerel
market for butadiene;RER;kilogram;butadiene
m-Xylene;('air', 'urban air close to ground');kilogram
market for heat, future;GLO;megajoule;heat, future
Occupation, traffic area, rail/road embankment;('natural resource', 'land');square meter-year
market for carboxymethyl cellulose, powder;GLO;kilogram;carboxymethyl cellulose, powder
polyvinylchloride production, bulk polymerisation;RER;kilogram;polyvinylchloride, bulk polymerised
NMVOC, non-methane volatile organic compounds, unspecified origin;('air',);kilogram
electricity production, at power plant/biogas, post, pipeline 200km, storage 1000m;RER;kilowatt hour;electricity, high voltage
Heat, waste;('air', 'non-urban air or from high stacks');megajoule
electricity production, hydro, run-of-river;DE;kilowatt hour;electricity, high voltage
Cathode current collector, LTO;JP;kilogram;Cathode current collector, LTO
market for chemical factory, organics;GLO;unit;chemical factory, organics
Benzaldehyde;('air', 'non-urban air or from high stacks');kilogram
market for acrylic acid;RoW;kilogram;acrylic acid
market for metal working, average for metal product manufacturing;GLO;kilogram;metal working, average for metal product manufacturing
steel production, chromium steel 18/8, hot rolled;RoW;kilogram;steel, chromium steel 18/8, hot rolled
smelting of copper concentrate, sulfide ore;RoW;kilogram;copper, anode
market for used vegetable cooking oil;GLO;kilogram;used vegetable cooking oil
Strontium;('water', 'surface water');kilogram
heat and power co-generation, wood chips, 6667 kW, state-of-the-art 2014;DE;kilowatt hour;electricity, high voltage
market for flat glass, coated;RER;kilogram;flat glass, coated
market for copper, anode;GLO;kilogram;copper, anode
Ethene;('air', 'non-urban air or from high stacks');kilogram
Selenium;('air',);kilogram
Hydrogen-3, Tritium;('air', 'non-urban air or from high stacks');kilo Becquerel
Carbon dioxide, fossil;('air',);kilogram
Transformation, from forest, extensive;('natural resource', 'land');square meter
market for polyethylene, low density, granulate;GLO;kilogram;polyethylene, low density, granulate
section bar extrusion, aluminium;RER;kilogram;section bar extrusion, aluminium
Styrene;('air', 'non-urban air or from high stacks');kilogram
Ni3/5Co1/5Mn1/5(OH)2;GLO;kilogram;Ni1/3Co1/3Mn1/3(OH)2
market for lubricating oil;RoW;kilogram;lubricating oil
Transformation, from annual crop;('natural resource', 'land');square meter
Cathode paste, LFP;JP;kilogram;Cathode paste, LFP
market for polyethylene, high density, granulate;GLO;kilogram;polyethylene, high density, granulate
market for steel, chromium steel 18/8;World;kilogram;steel, chromium steel 18/8
Hexane;('air',);kilogram
Module packaging;GLO;kilogram;Module packaging
Carbon dioxide, from soil or biomass stock;('air', 'urban air close to ground');kilogram
Heptane;('air', 'urban air close to ground');kilogram
Particulates, < 2.5 um;('air',);kilogram
Propene;('air', 'non-urban air or from high stacks');kilogram
Positive active material, NMC-111;GLO;kilogram;Positive active material
kraft paper production;RER;kilogram;kraft paper
cobalt production;GLO;kilogram;cobalt
Positive electrode paste, NMC-111;GLO;kilogram;Positive electrode paste
Zinc;('air', 'low population density, long-term');kilogram
market for maize seed, for sowing;GLO;kilogram;maize seed, for sowing
Inner frame;GLO;kilogram;Inner frame
market for transport, freight train;Europe without Switzerland;ton kilometer;transport, freight train
noise, octave 7, day time, suburban;('octave 7', 'day time', 'suburban');joule
market for ammonia, anhydrous, liquid;RER;kilogram;ammonia, anhydrous, liquid
Acrolein;('air', 'non-urban air or from high stacks');kilogram
electricity production, wind, 1-3MW turbine, onshore;DE;kilowatt hour;electricity, high voltage
wire drawing, copper;RoW;kilogram;wire drawing, copper
Dinitrogen monoxide;('air', 'low population density, long-term');kilogram
Ethanol, from maize starch, at fuelling station;RER;kilogram;ethanol, without water, in 99.7% solution state, vehicle grade
market for tap water;Europe without Switzerland;kilogram;tap water
Toluene;('air', 'urban air close to ground');kilogram
Chromium;('air', 'urban air close to ground');kilogram
Gas, mine, off-gas, process, coal mining;('natural resource', 'in ground');cubic meter
market for pesticide, unspecified;GLO;kilogram;pesticide, unspecified
Propane;('air', 'non-urban air or from high stacks');kilogram
market for heat, district or industrial, natural gas;Europe without Switzerland;megajoule;heat, district or industrial, natural gas
market for hydrochloric acid, without water, in 30% solution state;RER;kilogram;hydrochloric acid, without water, in 30% solution state
Chloride;('water', 'surface water');kilogram
Xenon-135;('air', 'non-urban air or from high stacks');kilo Becquerel
market for concrete, normal;CH;cubic meter;concrete, normal
transport, helicopter, LTO cycle;GLO;unit;transport, helicopter, LTO cycle
market for carbon black;GLO;kilogram;carbon black
Sodium, ion;('water', 'surface water');kilogram
Heat, waste;('water', 'surface water');megajoule
Cathode paste, NCA;JP;kilogram;Cathode paste, NCA
Anode current collector, LFP;JP;kilogram;Anode current collector, LFP
market for lithium carbonate;GLO;kilogram;lithium carbonate
maintenance, bicycle;CH;unit;maintenance, bicycle
diaphragm compressor module, high pressure;GLO;unit;diaphragm compressor module, high pressure
Lithium iron phosphate [LiFePO4];JP;kilogram;Lithium iron phosphate [LiFePO4]
Benzaldehyde;('air', 'urban air close to ground');kilogram
Anode paste, NCA;JP;kilogram;Anode paste, NCA
Carbon monoxide, fossil;('air', 'low population density, long-term');kilogram
m-Xylene;('air', 'low population density, long-term');kilogram
market for silica sand;GLO;kilogram;silica sand
CO2 storage/at H2 production plant, pre, pipeline 200km, storage 1000m;RER;kilogram;CO2 storage/at H2 production plant, pre, pipeline 200km, storage 1000m
1-Pentene;('air',);kilogram
market for lithium hexafluorophosphate;GLO;kilogram;lithium hexafluorophosphate
treatment of waste electric and electronic equipment, shredding;GLO;kilogram;waste electric and electronic equipment
heat, from municipal waste incineration to generic market for heat district or industrial, other than natural gas;CH;megajoule;heat, district or industrial, other than natural gas
Biodiesel, from used cooking oil, at fuelling station;RER;kilogram;biodiesel, vehicle grade
Occupation, traffic area, road network;('natural resource', 'land');square meter-year
Water, unspecified natural origin;('natural resource', 'in water');cubic meter
transmission network construction, electricity, high voltage;CH;kilometer;transmission network, electricity, high voltage
Selenium;('air', 'urban air close to ground');kilogram
Pentane;('air',);kilogram
Methyl ethyl ketone;('air',);kilogram
charging station, 100W;GLO;unit;charging station, 100W
Tab Aluminum;GLO;kilogram;Tab Aluminum
Occupation, annual crop;('natural resource', 'land');square meter-year
Granite, in ground;('natural resource', 'in ground');kilogram
market for internal combustion engine, passenger car;GLO;kilogram;internal combustion engine, for passenger car
computer production, desktop, without screen;GLO;unit;computer, desktop, without screen
Methane, tetrafluoro-, R-14;('air',);kilogram
Biodiesel from palm oil;RER;kilogram;Biodiesel from palm oil
Radon-220;('air', 'non-urban air or from high stacks');kilo Becquerel
market for blasting;GLO;kilogram;blasting
market for cast iron;GLO;kilogram;cast iron
Particulates, < 2.5 um;('air', 'urban air close to ground');kilogram
Acetaldehyde;('air', 'low population density, long-term');kilogram
Battery cell, LTO;GLO;kilogram;Battery cell
Ozone;('air',);kilogram
Phosphate;('water', 'ground-, long-term');kilogram
market for platinum;GLO;kilogram;platinum
market for steel, low-alloyed, hot rolled;GLO;kilogram;steel, low-alloyed, hot rolled
Formaldehyde;('air', 'non-urban air or from high stacks');kilogram
market for aluminium casting facility;GLO;unit;aluminium casting facility
market for stone wool, packed;GLO;kilogram;stone wool, packed
Plant oil from crude oil | refining of vegetable oil from oil palm|;RER;megajoule;Plant oil from crude oil | refining of vegetable oil from oil palm|
Copper;('air', 'low population density, long-term');kilogram
Low voltage system;GLO;kilogram;Low voltage system
barite production;RER;kilogram;barite
Battery tray;GLO;kilogram;Battery tray
Iron, ion;('water', 'surface water');kilogram
market for soap;GLO;kilogram;soap
Heat, waste;('air', 'urban air close to ground');megajoule
Oil, crude, in ground;('natural resource', 'in ground');kilogram
market for tap water;CH;kilogram;tap water
noise, octave 4, day time, suburban;('octave 4', 'day time', 'suburban');joule
Ethanol, from wheat straw pellets, at fuelling station;RER;kilogram;ethanol, without water, in 99.7% solution state, vehicle grade
market for polyvinylfluoride;GLO;kilogram;polyvinylfluoride
Methane, non-fossil;('air',);kilogram
electricity production, hard coal;DE;kilowatt hour;electricity, high voltage
argon production, liquid;RoW;kilogram;argon, liquid
market group for inorganic nitrogen fertiliser, as N;RER;kilogram;inorganic nitrogen fertiliser, as N
Anode paste, LTO;JP;kilogram;Anode paste, LTO
market for diesel, burned in building machine;GLO;megajoule;diesel, burned in building machine
Ethane;('air',);kilogram
market for calcium chloride;RER;kilogram;calcium chloride
Sulfate;('water', 'surface water');kilogram
Sugar beet cultivation {RER} | sugar beet production Europe | Alloc Rec, U;RER;megajoule;Sugar beet cultivation {RER} | sugar beet production Europe | Alloc Rec, U
Water;('air',);cubic meter
Battery retention;GLO;kilogram;Battery retention
Buffer tank;GLO;unit;Buffer tank
Cyclohexane;('air', 'urban air close to ground');kilogram
Battery management system;GLO;kilogram;Battery management system
Biodiesel from algae;RER;kilogram;Biodiesel from algae
market group for municipal solid waste;RER;kilogram;municipal solid waste
operation, computer, desktop, with liquid crystal display, active mode;CH;hour;operation, computer, desktop, with liquid crystal display, active mode
market for sheet rolling, chromium steel;GLO;kilogram;sheet rolling, chromium steel
market for zinc oxide;GLO;kilogram;zinc oxide
noise, octave 3, day time, rural;('octave 3', 'day time', 'rural');joule
market for sodium persulfate;GLO;kilogram;sodium persulfate
market for corrugated board box;RoW;kilogram;corrugated board box
Cadmium;('air',);kilogram
market for cobalt;GLO;kilogram;cobalt
market for wastewater, average;Europe without Switzerland;cubic meter;wastewater, average
Volume occupied, reservoir;('natural resource', 'in water');cubic meter-year
market group for diesel;RER;kilogram;diesel
market for transport, freight, inland waterways, barge;RER;ton kilometer;transport, freight, inland waterways, barge
Ethanol from wheat straw pellets;RER;kilogram;Ethanol from wheat straw pellets
Acrolein;('air',);kilogram
market for chemicals, inorganic;GLO;kilogram;chemical, inorganic
PAH, polycyclic aromatic hydrocarbons;('air',);kilogram
Sodium chloride, in ground;('natural resource', 'in ground');kilogram
market for lubricating oil;RER;kilogram;lubricating oil
Refined Waste Cooking Oil {RER} | Refining of waste cooking oil Europe | Alloc Rec, U;RER;megajoule;Refined Waste Cooking Oil {RER} | Refining of waste cooking oil Europe | Alloc Rec, U
Nitrogen oxides;('air',);kilogram
Acrolein;('air', 'urban air close to ground');kilogram
Propane;('air',);kilogram
tube insulation production, elastomere;RoW;kilogram;tube insulation, elastomere
Clay, unspecified, in ground;('natural resource', 'in ground');kilogram
Methane, fossil;('air', 'low population density, long-term');kilogram
Arsenic;('air',);kilogram
market for glass fibre;GLO;kilogram;glass fibre
Electrolyte, NCA;JP;kilogram;Electrolyte, NCA
Propane;('air', 'urban air close to ground');kilogram
Arsenic;('air', 'urban air close to ground');kilogram
carbon dioxide capture system;RER;unit;carbon dioxide capture system
electricity production, at wood burning power plant 20 MW, truck 25km, post, pipeline 200km, storage 1000m;RER;kilowatt hour;electricity, high voltage
market for sheet rolling, copper;GLO;kilogram;sheet rolling, copper
market for hexane;GLO;kilogram;hexane
treatment of used electric bicycle;CH;unit;used electric bicycle
End-busbar copper;GLO;kilogram;End-busbar copper
Walls and foundations, for hydrogen refuelling station;RER;unit;Walls and foundations, for hydrogen refuelling station
market group for heat, central or small-scale, natural gas;RER;megajoule;heat, central or small-scale, natural gas
market for sodium hydroxide, without water, in 50% solution state;GLO;kilogram;sodium hydroxide, without water, in 50% solution state
market for injection moulding;GLO;kilogram;injection moulding
Water;('water',);cubic meter
carbon dioxide, captured from atmosphere;RER;kilogram;carbon dioxide, captured from the atmosphere
Gangue, in ground;('natural resource', 'in ground');kilogram
market for metal working, average for copper product manufacturing;GLO;kilogram;metal working, average for copper product manufacturing
diaphragms, for diaphragm compressor;GLO;unit;diaphragms, for diaphragm compressor
Ethanol, from wheat grains, at fuelling station;RER;kilogram;ethanol, without water, in 99.7% solution state, vehicle grade
treatment of wastewater, unpolluted, capacity 5E9l/year;RoW;cubic meter;wastewater, unpolluted
Hydrogen-3, Tritium;('water', 'ocean');kilo Becquerel
market for display, liquid crystal, 17 inches;GLO;unit;display, liquid crystal, 17 inches
Ethane;('air', 'urban air close to ground');kilogram
charger production, for electric scooter;GLO;kilogram;charger, for electric scooter
Acetone;('air', 'low population density, long-term');kilogram
gasoline production, from methanol, hydrogen from electrolysis, CO2 from DAC, economic allocation;RER;kilogram;gasoline, synthetic
market for wheat seed, for sowing;GLO;kilogram;wheat seed, for sowing
Cyclohexane;('air', 'low population density, long-term');kilogram
treatment of scrap steel, inert material landfill;CH;kilogram;scrap steel
Carbon monoxide, non-fossil;('air', 'non-urban air or from high stacks');kilogram
Toluene;('air', 'non-urban air or from high stacks');kilogram
Heat transfer plate;GLO;kilogram;Heat transfer plate
sheet rolling, aluminium;RoW;kilogram;sheet rolling, aluminium
diesel, burned in diesel-electric generating set, 18.5kW;GLO;megajoule;diesel, burned in diesel-electric generating set, 18.5kW
Propene;('air', 'urban air close to ground');kilogram
Lower retention;GLO;kilogram;Lower retention
Styrene;('air', 'low population density, long-term');kilogram
market for chemical, organic;GLO;kilogram;chemical, organic
Formaldehyde;('air',);kilogram
noise, octave 2, day time, suburban;('octave 2', 'day time', 'suburban');joule
algae cultivation | algae broth production;RER;kilogram;algae cultivation | algae broth production
methanol production facility, construction;RER;unit;methanol production facility, construction
market for tin;GLO;kilogram;tin
market for municipal solid waste;RoW;kilogram;municipal solid waste
market for precious metal refinery;GLO;unit;precious metal refinery
Formaldehyde;('air', 'urban air close to ground');kilogram
electricity production, oil;DE;kilowatt hour;electricity, high voltage
sheet rolling, chromium steel;RoW;kilogram;sheet rolling, chromium steel
road vehicle factory construction;RER;unit;road vehicle factory
market group for inorganic potassium fertiliser, as K2O;RER;kilogram;inorganic potassium fertiliser, as K2O
Plant oil production | refining of crude vegetable oil from rapeseed| Alloc Rec, U;RER;megajoule;Plant oil production | refining of crude vegetable oil from rapeseed| Alloc Rec, U
market group for light fuel oil;RER;kilogram;light fuel oil
Tray lid;GLO;kilogram;Tray lid
NMVOC, non-methane volatile organic compounds, unspecified origin;('air', 'non-urban air or from high stacks');kilogram
treatment of waste mineral wool, inert material landfill;CH;kilogram;waste mineral wool, for final disposal
charging station, 3kW;GLO;unit;charging station, 3kW
algae harvesting| dry algae production;RER;kilogram;algae harvesting| dry algae production
infrastructure construction, for regional distribution of oil product;RER;unit;infrastructure, for regional distribution of oil product
Magnesium;('water', 'ground-, long-term');kilogram
Wood, hard, standing;('natural resource', 'biotic');cubic meter
Cooling system;GLO;kilogram;Cooling system
Water, well, in ground;('natural resource', 'in water');cubic meter
Carbon dioxide, from soil or biomass stock;('air', 'non-urban air or from high stacks');kilogram
Selenium;('air', 'non-urban air or from high stacks');kilogram
market for nitrogen, liquid;RoW;kilogram;nitrogen, liquid
noise, octave 8, day time, rural;('octave 8', 'day time', 'rural');joule
maintenance, motor scooter;CH;unit;maintenance, motor scooter
market for phosphoric acid, industrial grade, without water, in 85% solution state;GLO;kilogram;phosphoric acid, industrial grade, without water, in 85% solution state
transmission network construction, long-distance;UCTE;kilometer;transmission network, long-distance
Carbon dioxide, fossil;('air', 'non-urban air or from high stacks');kilogram
market for transport, pipeline, onshore, petroleum;RER;ton kilometer;transport, pipeline, onshore, petroleum
market for potassium hydroxide;GLO;kilogram;potassium hydroxide
noise, octave 2, day time, urban;('octave 2', 'day time', 'urban');joule
Ethene;('air', 'low population density, long-term');kilogram
Occupation, forest, extensive;('natural resource', 'land');square meter-year
Pentane;('air', 'non-urban air or from high stacks');kilogram
Nickel;('air', 'low population density, long-term');kilogram
market for metal working factory;GLO;unit;metal working factory
Silicon;('water', 'surface water');kilogram
gravel production, crushed;RoW;kilogram;gravel, crushed
market for flat glass, uncoated;RER;kilogram;flat glass, uncoated
market for printed wiring board, through-hole mounted, unspecified, Pb free;GLO;kilogram;printed wiring board, through-hole mounted, unspecified, Pb free
Particulates, < 2.5 um;('air', 'non-urban air or from high stacks');kilogram
Ethanol from forest residues;RER;kilogram;Ethanol from forest residues
Cathode;GLO;kilogram;Cathode
BOD5, Biological Oxygen Demand;('water', 'surface water');kilogram
market group for electricity, medium voltage;EUR;kilowatt hour;electricity, medium voltage
Transformation, to forest, extensive;('natural resource', 'land');square meter
Anode current collector, LTO;JP;kilogram;Anode current collector, LTO
market for water, decarbonised;RoW;kilogram;water, decarbonised
Propene;('air', 'low population density, long-term');kilogram
Benzene;('air',);kilogram
market for electric connector, wire clamp;GLO;kilogram;electric connector, wire clamp
transport, helicopter;GLO;hour;transport, helicopter
market for heat, central or small-scale, other than natural gas;CH;megajoule;heat, central or small-scale, other than natural gas
transport, pipeline, supercritical CO2, 200km w recompression;RER;ton kilometer;transport, pipeline, supercritical CO2, 200km w recompression
Separator, NCA;JP;kilogram;Separator, NCA
market for polyethylene terephthalate, granulate, amorphous;GLO;kilogram;polyethylene terephthalate, granulate, amorphous
DOC, Dissolved Organic Carbon;('water', 'surface water');kilogram
treatment of used bicycle;CH;unit;used bicycle
market for sodium chloride, powder;GLO;kilogram;sodium chloride, powder
Ethane, 1,1,1,2-tetrafluoro-, HFC-134a;('air',);kilogram
market for integrated circuit, logic type;GLO;kilogram;integrated circuit, logic type
treatment of hazardous waste, hazardous waste incineration;CH;kilogram;hazardous waste, for incineration
Methane, non-fossil;('air', 'non-urban air or from high stacks');kilogram
Ammonia;('air',);kilogram
market for rainwater mineral oil storage;Europe without Switzerland;cubic meter;rainwater mineral oil storage
Butane;('air',);kilogram
steam production, as energy carrier, in chemical industry;RoW;megajoule;heat, from steam, in chemical industry
market for polyphenylene sulfide;GLO;kilogram;polyphenylene sulfide
noise, octave 3, day time, urban;('octave 3', 'day time', 'urban');joule
frequency converter, for diaphragm compressor;GLO;unit;frequency converter, for diaphragm compressor
Cathode, NMC-622;GLO;kilogram;Cathode, NMC-622
NCA electrode material (LiNi0.8Co0.15Al0.05O2);JP;kilogram;NCA electrode material (LiNi0.8Co0.15Al0.05O2)
Hydrogen-3, Tritium;('water', 'surface water');kilo Becquerel
1-Pentene;('air', 'non-urban air or from high stacks');kilogram
market for aluminium alloy, AlMg3;GLO;kilogram;aluminium alloy, AlMg3
Hexane;('air', 'non-urban air or from high stacks');kilogram
market for concrete block;DE;kilogram;concrete block
Mercury;('air',);kilogram
market for ethanol, without water, in 99.7% solution state, from ethylene;RER;kilogram;ethanol, without water, in 99.7% solution state, from ethylene
market for iron sulfate;RoW;kilogram;iron sulfate
Methyl ethyl ketone;('air', 'non-urban air or from high stacks');kilogram
aluminium production, primary, ingot;IAI Area, Asia, without China and GCC;kilogram;aluminium, primary, ingot
Carbon monoxide, non-fossil;('air', 'urban air close to ground');kilogram
market for fly ash and scrubber sludge;Europe without Switzerland;kilogram;fly ash and scrubber sludge
PAH, polycyclic aromatic hydrocarbons;('air', 'non-urban air or from high stacks');kilogram
manual dismantling of used electric scooter;GLO;unit;manual dismantling of electric scooter
market group for electricity, low voltage;World;kilowatt hour;electricity, low voltage
Heptane;('air', 'low population density, long-term');kilogram
Arsenic;('air', 'non-urban air or from high stacks');kilogram
market for concrete, high exacting requirements;CH;cubic meter;concrete, high exacting requirements
transport, freight, lorry, fleet average;EUR;ton kilometer;transport, freight, lorry, fleet average
o-Xylene;('air', 'low population density, long-term');kilogram
market for electric motor, electric passenger car;GLO;kilogram;electric motor, electric passenger car
market for steel, unalloyed;World;kilogram;steel, unalloyed
Ethanol from wheat grains;RER;kilogram;Ethanol from wheat grains
activated bentonite production;DE;kilogram;activated bentonite
Methane, chlorodifluoro-, HCFC-22;('air', 'non-urban air or from high stacks');kilogram
Ethanol, from sugarbeet, at fuelling station;RER;kilogram;ethanol, without water, in 99.7% solution state, vehicle grade
Chromium VI;('air',);kilogram
High voltage system;GLO;kilogram;High voltage system
NMVOC, non-methane volatile organic compounds, unspecified origin;('air', 'urban air close to ground');kilogram
Copper;('air',);kilogram
Thermal pad;GLO;kilogram;Thermal pad
market for ammonium sulfate;RER;kilogram;ammonium sulfate
noise, octave 6, day time, urban;('octave 6', 'day time', 'urban');joule
Ethane;('air', 'non-urban air or from high stacks');kilogram
market for aluminium oxide, metallurgical;IAI Area, EU27 & EFTA;kilogram;aluminium oxide, metallurgical
noise, octave 4, day time, urban;('octave 4', 'day time', 'urban');joule
Carbon dioxide, fossil;('air', 'urban air close to ground');kilogram
Module lid;GLO;kilogram;Module lid
Occupation, industrial area;('natural resource', 'land');square meter-year
market for refrigerant R134a;GLO;kilogram;refrigerant R134a
Pentane;('air', 'urban air close to ground');kilogram
drilling, deep borehole/m;RER;meter;drilling, deep borehole/m
Sulfur dioxide;('air',);kilogram
anode production, graphite, for lithium-ion battery;RoW;kilogram;anode, graphite, for lithium-ion battery
Ethanol, from forest residues, at fuelling station;RER;kilogram;ethanol, without water, in 99.7% solution state, vehicle grade
electricity production, photovoltaic, 3kWp slanted-roof installation, multi-Si, panel, mounted;DE;kilowatt hour;electricity, low voltage
Acetone;('air',);kilogram
ethylene glycol production;RoW;kilogram;ethylene glycol
Hexane;('air', 'urban air close to ground');kilogram
Wheat grain cultivation, drying and storage {RER} | wheat grain production Europe | Alloc Rec, U;RER;megajoule;Wheat grain cultivation, drying and storage {RER} | wheat grain production Europe | Alloc Rec, U
Cadmium;('air', 'non-urban air or from high stacks');kilogram
woodchips from forestry residues;RER;megajoule;woodchips from forestry residues
Ethane, 1,2-dichloro-1,1,2,2-tetrafluoro-, CFC-114;('air', 'non-urban air or from high stacks');kilogram
market for sulfur dioxide, liquid;RER;kilogram;sulfur dioxide, liquid
market for petrol, low-sulfur;Europe without Switzerland;kilogram;petrol, low-sulfur
router, internet;CH;unit;router, internet
Toluene;('air', 'low population density, long-term');kilogram
Nitrogen oxides;('air', 'non-urban air or from high stacks');kilogram
Occupation, construction site;('natural resource', 'land');square meter-year
PAH, polycyclic aromatic hydrocarbons;('air', 'urban air close to ground');kilogram
Gravel, in ground;('natural resource', 'in ground');kilogram
electricity production, deep geothermal;DE;kilowatt hour;electricity, high voltage
motor scooter production;RER;unit;motor scooter, 50 cubic cm engine
Barium;('water', 'surface water');kilogram
Crude vegetable oil | oil mill: extraction of vegetable oil from rapeseed | Alloc Rec, U;RER;megajoule;Crude vegetable oil | oil mill: extraction of vegetable oil from rapeseed | Alloc Rec, U
Methane, dichloro-, HCC-30;('water', 'surface water');kilogram
market for potassium sulfate;RER;kilogram;potassium sulfate
Waste Cooking Oil;RER;megajoule;Waste Cooking Oil
Transformation, to annual crop, non-irrigated, intensive;('natural resource', 'land');square meter
cast iron production;RoW;kilogram;cast iron
Methane, non-fossil;('air', 'urban air close to ground');kilogram
welding, arc, aluminium;RER;meter;welding, arc, aluminium
market for cable, ribbon cable, 20-pin, with plugs;GLO;kilogram;cable, ribbon cable, 20-pin, with plugs
Energy, potential (in hydropower reservoir), converted;('natural resource', 'in water');megajoule
market for aluminium, wrought alloy;GLO;kilogram;aluminium, wrought alloy
aluminium ingot, primary, to aluminium, wrought alloy market;GLO;kilogram;aluminium, wrought alloy
hot water tank, carbon dioxide capture process;RER;unit;hot water tank, carbon dioxide capture process
Water, river;('natural resource', 'in water');cubic meter
Battery packaging;GLO;kilogram;Battery packaging
road maintenance;CH;meter-year;road maintenance
market for sulfuric acid;RER;kilogram;sulfuric acid
control panel, carbon dioxide capture process;RER;unit;control panel, carbon dioxide capture process
Potassium, ion;('water', 'ground-, long-term');kilogram
Iron, ion;('water',);kilogram
steel production, electric, low-alloyed;EUR;kilogram;steel, low-alloyed
Battery cell, NMC-622;GLO;kilogram;Battery cell
wire drawing, steel;RER;kilogram;wire drawing, steel
Carbon dioxide, to soil or biomass stock;('soil',);kilogram
Selenium;('air', 'low population density, long-term');kilogram
1-Pentene;('air', 'urban air close to ground');kilogram
market for ethylene carbonate;GLO;kilogram;ethylene carbonate
market for waste rubber, unspecified;CH;kilogram;waste rubber, unspecified
gasoline production, synthetic, from methanol, hydrogen from electrolysis, CO2 from DAC, energy allocation, at fuelling station;RER;kilogram;gasoline, synthetic, vehicle grade
Positive electrode paste, NMC-622;GLO;kilogram;Positive electrode paste
Lithium, ion;('water',);kilogram
Carbon monoxide, fossil;('air', 'non-urban air or from high stacks');kilogram
Methyl ethyl ketone;('air', 'urban air close to ground');kilogram
Battery cell, NMC-111;GLO;kilogram;Battery cell
Fluoride;('water', 'surface water');kilogram
Sulfate;('water',);kilogram
market for municipal solid waste;CH;kilogram;municipal solid waste
IBIS;GLO;kilogram;IBIS
market for soda ash, light, crystalline, heptahydrate;GLO;kilogram;soda ash, light, crystalline, heptahydrate
Hexane;('air', 'low population density, long-term');kilogram
Arsenic, ion;('water', 'surface water');kilogram
Zinc;('air', 'non-urban air or from high stacks');kilogram
Benzene;('air', 'non-urban air or from high stacks');kilogram
market for aluminium, cast alloy;GLO;kilogram;aluminium, cast alloy
market for petrol, low-sulfur;CH;kilogram;petrol, low-sulfur
market for used Li-ion battery;GLO;kilogram;used Li-ion battery
Chromium;('air', 'low population density, long-term');kilogram
road construction;CH;meter-year;road
transport, freight, lorry, fleet average, 26t;EUR;ton kilometer;transport, freight, lorry, fleet average
market for transport, freight, sea, tanker for liquid goods other than petroleum and liquefied natural gas;GLO;ton kilometer;transport, freight, sea, tanker for liquid goods other than petroleum and liquefied natural gas
market for transport, freight, sea, tanker for petroleum;GLO;ton kilometer;transport, freight, sea, tanker for petroleum
Particulates, < 2.5 um;('air', 'low population density, long-term');kilogram
market for casting, brass;GLO;kilogram;casting, brass
Transformation, from forest, unspecified;('natural resource', 'land');square meter
Manganese;('water', 'surface water');kilogram
Ethanol from sugarbeet;RER;kilogram;Ethanol from sugarbeet
market for water, deionised;Europe without Switzerland;kilogram;water, deionised
noise, octave 6, day time, rural;('octave 6', 'day time', 'rural');joule
Electrolyte, LTO;JP;kilogram;Electrolyte, LTO
reinforcing steel production;Europe without Austria;kilogram;reinforcing steel
Sand, unspecified, in ground;('natural resource', 'in ground');kilogram
Battery BoP;GLO;kilogram;Battery BoP
Tab Copper;GLO;kilogram;Tab Copper
Oil Palm Tree Cultivation {RER} | Fresh Fruit Bunches (FFBs) production | Alloc Rec, U;RER;megajoule;Oil Palm Tree Cultivation {RER} | Fresh Fruit Bunches (FFBs) production | Alloc Rec, U
Battery cell, LFP;GLO;kilogram;Battery cell
Ni1/3Co1/3Mn1/3(OH)2;GLO;kilogram;Ni1/3Co1/3Mn1/3(OH)2
Benzaldehyde;('air', 'low population density, long-term');kilogram
Magnesium;('water', 'surface water');kilogram
market for nylon 6-6, glass-filled;RoW;kilogram;nylon 6-6, glass-filled
market for tap water;RoW;kilogram;tap water
noise, octave 1, day time, suburban;('octave 1', 'day time', 'suburban');joule
market group for heat, district or industrial, other than natural gas;RER;megajoule;heat, district or industrial, other than natural gas
noise, octave 8, day time, suburban;('octave 8', 'day time', 'suburban');joule
treatment of drilling waste, landfarming;CH;kilogram;drilling waste
End-busbar aluminum;GLO;kilogram;End-busbar aluminum
noise, octave 2, day time, rural;('octave 2', 'day time', 'rural');joule
Biodiesel from cooking oil;RER;kilogram;Biodiesel from cooking oil
Ethane;('air', 'low population density, long-term');kilogram
Calcite, in ground;('natural resource', 'in ground');kilogram
Cadmium;('air', 'urban air close to ground');kilogram
Pentane;('air', 'low population density, long-term');kilogram
Water, turbine use, unspecified natural origin;('natural resource', 'in water');cubic meter
Nitrogen oxides;('air', 'urban air close to ground');kilogram
Gas, natural, in ground;('natural resource', 'in ground');cubic meter
noise, octave 1, day time, rural;('octave 1', 'day time', 'rural');joule
PEM electrolyzer, ACDC Converter;GLO;unit;PEM electrolyzer, ACDC Converter
wiring and tubing, carbon dioxide capture process;RER;unit;wiring and tubing, carbon dioxide capture process
market group for diesel, low-sulfur;RER;kilogram;diesel, low-sulfur
Multilayer pouch;GLO;kilogram;Multilayer pouch
market for silicon, electronics grade;GLO;kilogram;silicon, electronics grade
aluminium production, primary, ingot;IAI Area, EU27 & EFTA;kilogram;aluminium, primary, ingot
Acetaldehyde;('air', 'non-urban air or from high stacks');kilogram
aluminium hydroxide production;CN;kilogram;aluminium hydroxide
polyethylene production, low density, granulate;RoW;kilogram;polyethylene, low density, granulate
market for steel, low-alloyed;World;kilogram;steel, low-alloyed
Energy, gross calorific value, in biomass;('natural resource', 'biotic');megajoule
Acrolein;('air', 'low population density, long-term');kilogram
electronics production, for control units;RER;kilogram;electronics, for control units
PAH, polycyclic aromatic hydrocarbons;('air', 'low population density, long-term');kilogram
PEM electrolyzer, Balance of Plant;GLO;unit;PEM electrolyzer, Balance of Plant
gas motor production, 206kW;RER;unit;gas motor, 206kW
gasoline production, synthetic, from methanol, hydrogen from electrolysis, CO2 from DAC, economic allocation, at fuelling station;RER;kilogram;gasoline, synthetic, vehicle grade
market for extrusion, plastic film;GLO;kilogram;extrusion, plastic film
Copper;('air', 'non-urban air or from high stacks');kilogram
noise, octave 5, day time, urban;('octave 5', 'day time', 'urban');joule
Butane;('air', 'non-urban air or from high stacks');kilogram
market group for heat, district or industrial, natural gas;RER;megajoule;heat, district or industrial, natural gas
transport, freight, lorry, fleet average, 40t;EUR;ton kilometer;transport, freight, lorry, fleet average
Aluminium;('water', 'surface water');kilogram
charging station, 500W;GLO;unit;charging station, 500W
transport, freight, lorry, fleet average, 26t;World;ton kilometer;transport, freight, lorry, fleet average
Cathode current collector, NCA;JP;kilogram;Cathode current collector, NCA
market for acrylonitrile-butadiene-styrene copolymer;GLO;kilogram;acrylonitrile-butadiene-styrene copolymer
Occupation, forest, intensive;('natural resource', 'land');square meter-year
electricity production, at power plant/natural gas, post, pipeline 200km, storage 1000m;RER;kilowatt hour;electricity, high voltage
LTO electrode material (Li4Ti5O12);GLO;kilogram;LTO electrode material (Li4Ti5O12)
Carbon monoxide, fossil;('air',);kilogram
market for water, completely softened;RER;kilogram;water, completely softened
Glider lightweighting;GLO;kilogram;Glider lightweighting
Negative current collector Cu;GLO;kilogram;Negative current collector Cu
electric bicycle production, without battery and motor;RER;unit;electric bicycle, without battery and motor
Occupation, mineral extraction site;('natural resource', 'land');square meter-year
Carbon monoxide, fossil;('air', 'urban air close to ground');kilogram
polyethylene production, high density, granulate;RER;kilogram;polyethylene, high density, granulate
diesel, burned in building machine;GLO;megajoule;diesel, burned in building machine
gravel and sand quarry operation;CH;kilogram;sand
lubricating oil production;RoW;kilogram;lubricating oil
noise, octave 1, day time, urban;('octave 1', 'day time', 'urban');joule
market for converter, for electric passenger car;GLO;kilogram;converter, for electric passenger car
hydrogen peroxide production, product in 50% solution state;RER;kilogram;hydrogen peroxide, without water, in 50% solution state
Zinc;('air',);kilogram
lignite mine operation;RER;kilogram;lignite
market for urea;RER;kilogram;urea
Calcium, ion;('water', 'ground-, long-term');kilogram
Cadmium;('air', 'low population density, long-term');kilogram
Methyl ethyl ketone;('air', 'low population density, long-term');kilogram
Benzene;('air', 'urban air close to ground');kilogram
powder coating, aluminium sheet;RER;square meter;powder coat, aluminium sheet
Pipe fitting;GLO;kilogram;Pipe fitting
Dinitrogen monoxide;('air',);kilogram
market for metal working, average for aluminium product manufacturing;GLO;kilogram;metal working, average for aluminium product manufacturing
Strap retention;GLO;kilogram;Strap retention
Heptane;('air',);kilogram
Module fasteners;GLO;kilogram;Module fasteners
Propane;('air', 'low population density, long-term');kilogram
Ammonia;('air', 'non-urban air or from high stacks');kilogram
Arsenic;('air', 'low population density, long-term');kilogram
Negative electrode paste;GLO;kilogram;Negative electrode paste
Chromium VI;('air', 'non-urban air or from high stacks');kilogram
Acetaldehyde;('air', 'urban air close to ground');kilogram
Biodiesel, from rapeseed oil, at fuelling station;RER;kilogram;biodiesel, vehicle grade
Formaldehyde;('air', 'low population density, long-term');kilogram
Energy, kinetic (in wind), converted;('natural resource', 'in air');megajoule
transformer and rectifier unit, for electrolyzer;GLO;unit;transformer and rectifier unit, for electrolyzer
market for plastic processing factory;GLO;unit;plastic processing factory
market for titanium dioxide;RER;kilogram;titanium dioxide
gasoline production, from methanol, hydrogen from electrolysis, CO2 from DAC, energy allocation;RER;kilogram;gasoline, synthetic
Copper;('air', 'urban air close to ground');kilogram
Electrolyte;GLO;kilogram;Electrolyte
Sulfate;('water', 'ground-');kilogram
noise, octave 3, day time, suburban;('octave 3', 'day time', 'suburban');joule
m-Xylene;('air',);kilogram
Energy, gross calorific value, in biomass, primary forest;('natural resource', 'biotic');megajoule
market for reinforcing steel;GLO;kilogram;reinforcing steel
heat exchanger, carbon dioxide capture process;RER;unit;heat exchanger, carbon dioxide capture process
Mercury;('air', 'non-urban air or from high stacks');kilogram
AOX, Adsorbable Organic Halogen as Cl;('water', 'surface water');kilogram
transport, freight, lorry, fleet average, 40t;World;ton kilometer;transport, freight, lorry, fleet average
Sulfur hexafluoride;('air',);kilogram
lithium hydroxide production;GLO;kilogram;lithium hydroxide
market for polyvinylchloride, suspension polymerised;GLO;kilogram;polyvinylchloride, suspension polymerised
market for waste plastic, industrial electronics;RoW;kilogram;waste plastic, industrial electronics
noise, octave 5, day time, suburban;('octave 5', 'day time', 'suburban');joule
noise, octave 5, day time, rural;('octave 5', 'day time', 'rural');joule
cooling unit, carbon dioxide capture process;RER;unit;cooling unit, carbon dioxide capture process
market for sodium methoxide;GLO;kilogram;sodium methoxide
Acetone;('air', 'non-urban air or from high stacks');kilogram
methanol distillation, hydrogen from electrolysis, CO2 from DAC;RER;kilogram;methanol, purified
market for carbon monoxide;RER;kilogram;carbon monoxide
market for sulfur hexafluoride, liquid;RER;kilogram;sulfur hexafluoride, liquid
Phosphorus;('water', 'surface water');kilogram
Potassium, ion;('water', 'surface water');kilogram
market for cyclohexane;GLO;kilogram;cyclohexane
market for aluminium alloy, AlLi;GLO;kilogram;aluminium alloy, AlLi
Shale, in ground;('natural resource', 'in ground');kilogram
Water, cooling, unspecified natural origin;('natural resource', 'in water');cubic meter
Particulates, > 10 um;('air', 'non-urban air or from high stacks');kilogram
transport, freight, sea, container ship;GLO;ton kilometer;transport, freight, sea, container ship
treatment of inert waste, inert material landfill;CH;kilogram;inert waste, for final disposal
noise, octave 4, day time, rural;('octave 4', 'day time', 'rural');joule
Acetaldehyde;('air',);kilogram
market for aluminium scrap, new;RER;kilogram;aluminium scrap, new
market for water, decarbonised;CH;kilogram;water, decarbonised
market for steel, chromium steel 18/8, hot rolled;GLO;kilogram;steel, chromium steel 18/8, hot rolled
ethanol without biogas;RER;megajoule;ethanol without biogas
market for ethylene glycol;GLO;kilogram;ethylene glycol
Zinc;('air', 'urban air close to ground');kilogram
sheet rolling, steel;RoW;kilogram;sheet rolling, steel
market group for electricity, medium voltage;World;kilowatt hour;electricity, medium voltage
market for sugar beet seed, for sowing;GLO;kilogram;sugar beet seed, for sowing
market for styrene butadiene rubber (SBR);RER;kilogram;styrene butadiene rubber (SBR)
market for waste plastic, mixture;CH;kilogram;waste plastic, mixture
market for electric powertrain, for electric scooter;GLO;kilogram;powertrain, for electric scooter
market for air compressor, screw-type compressor, 300kW;GLO;unit;air compressor, screw-type compressor, 300kW
petrol blending for two-stroke engines;CH;kilogram;petrol, two-stroke blend
market for copper oxide;GLO;kilogram;copper oxide
maintenance, electric bicycle, without battery;CH;unit;maintenance, electric bicycle, without battery
market for gypsum fibreboard;GLO;kilogram;gypsum fibreboard
Anode;GLO;kilogram;Anode
Ammonia;('air', 'urban air close to ground');kilogram
cement production, Portland;EUR;kilogram;cement, Portland
market for glider, for electric scooter;GLO;kilogram;glider, for electric scooter
Butane;('air', 'urban air close to ground');kilogram
transmission network construction, electricity, medium voltage;CH;kilometer;transmission network, electricity, medium voltage
Carbon dioxide, non-fossil;('air', 'urban air close to ground');kilogram
Biodiesel, from palm oil, at fuelling station;RER;kilogram;biodiesel, vehicle grade
drawing of pipe, steel;RER;kilogram;drawing of pipe, steel
Heat, waste;('air',);megajoule
Benzaldehyde;('air',);kilogram
bicycle production;RER;unit;bicycle
pump production, 40W;CH;unit;pump, 40W
market for quicklime, milled, packed;RER;kilogram;quicklime, milled, packed
market for butyl acrylate;RoW;kilogram;butyl acrylate
market for water, deionised;RoW;kilogram;water, deionised
TOC, Total Organic Carbon;('water', 'surface water');kilogram
Mercury;('air', 'urban air close to ground');kilogram
steel production, converter, low-alloyed;EUR;kilogram;steel, low-alloyed
Ethene;('air',);kilogram
market for waste rubber, unspecified;RoW;kilogram;waste rubber, unspecified
Nickel;('air',);kilogram
market for power distribution unit, for electric passenger car;GLO;kilogram;power distribution unit, for electric passenger car
Nickel;('air', 'non-urban air or from high stacks');kilogram
treatment of spent anion exchange resin from potable water production, municipal incineration;RoW;kilogram;spent anion exchange resin from potable water production
tin production;RoW;kilogram;tin
treatment of road wear emissions, passenger car;RER;kilogram;road wear emissions, passenger car
chromium steel turning, average, conventional;RER;kilogram;chromium steel removed by turning, average, conventional
Styrene;('air',);kilogram
noise, octave 8, day time, urban;('octave 8', 'day time', 'urban');joule
Cyclohexane;('air',);kilogram
Radon-222;('air', 'non-urban air or from high stacks');kilo Becquerel
market for methanol;GLO;kilogram;methanol
Transformation, to heterogeneous, agricultural;('natural resource', 'land');square meter
pumps, carbon dioxide capture process;RER;unit;pumps, carbon dioxide capture process
Methane, fossil;('air',);kilogram
nickel mine operation and benefication to nickel concentrate, 7% Ni;CN;kilogram;nickel concentrate, 7% Ni
Battery cell, NCA;GLO;kilogram;Battery cell
Methane, fossil;('air', 'urban air close to ground');kilogram
Benzene;('air', 'low population density, long-term');kilogram
pipeline, supercritical CO2/km;RER;kilometer;pipeline, supercritical CO2/km
Coal, hard, unspecified, in ground;('natural resource', 'in ground');kilogram
market for heat, district or industrial, other than natural gas;Europe without Switzerland;megajoule;heat, district or industrial, other than natural gas
transport, freight train, diesel, with particle filter;CH;ton kilometer;transport, freight train
treatment of wastewater, average, capacity 1E9l/year;CH;cubic meter;wastewater, average
Iron, ion;('water', 'ground-, long-term');kilogram
Chromium VI;('air', 'urban air close to ground');kilogram
Heat, waste;('water',);megajoule
market for polyurethane, flexible foam;RER;kilogram;polyurethane, flexible foam
glass fibre reinforced plastic production, polyester resin, hand lay-up;RER;kilogram;glass fibre reinforced plastic, polyester resin, hand lay-up
market for manganese sulfate;GLO;kilogram;manganese sulfate
Chloride;('water', 'ground-, long-term');kilogram
market for compost;GLO;kilogram;compost
noise, octave 7, day time, urban;('octave 7', 'day time', 'urban');joule
Biodiesel from rapeseed oil;RER;kilogram;Biodiesel from rapeseed oil
market for sheet rolling, aluminium;GLO;kilogram;sheet rolling, aluminium
o-Xylene;('air', 'non-urban air or from high stacks');kilogram
market for anodising, aluminium sheet;GLO;square meter;anodising, aluminium sheet
market for inverter, for electric passenger car;GLO;kilogram;inverter, for electric passenger car
market for dolomite;RER;kilogram;dolomite
Sodium, ion;('water', 'ground-, long-term');kilogram
NMVOC, non-methane volatile organic compounds, unspecified origin;('air', 'low population density, long-term');kilogram
Butane;('air', 'low population density, long-term');kilogram
Zinc, ion;('water', 'surface water');kilogram
Iron, in ground;('natural resource', 'in ground');kilogram
Occupation, annual crop, non-irrigated, intensive;('natural resource', 'land');square meter-year
adsorption and desorption unit, carbon dioxide capture process;RER;unit;adsorption and desorption unit, carbon dioxide capture process
Chromium VI;('air', 'low population density, long-term');kilogram
electricity production, at BIGCC power plant 450MW, pre, pipeline 200km, storage 1000m;RER;kilowatt hour;electricity, high voltage
market group for tap water;RER;kilogram;tap water
market for wastewater, average;CH;cubic meter;wastewater, average
market for electric motor, vehicle;GLO;kilogram;electric motor, vehicle
noise, octave 6, day time, suburban;('octave 6', 'day time', 'suburban');joule
treatment of waste mineral oil, hazardous waste incineration;RoW;kilogram;waste mineral oil
Phosphate;('water',);kilogram
metal coating facility construction;RoW;unit;metal coating facility
PEM electrolyzer, Stack;GLO;unit;PEM electrolyzer, Stack
market for concrete, normal;RoW;cubic meter;concrete, normal
Acetone;('air', 'urban air close to ground');kilogram
synthetic rubber production;RER;kilogram;synthetic rubber
Mercury;('air', 'low population density, long-term');kilogram
methanol synthesis, hydrogen from electrolysis, CO2 from DAC;RER;kilogram;methanol, unpurified
heat production, natural gas, at industrial furnace >100kW;RoW;megajoule;heat, district or industrial, natural gas
Outer frame;GLO;kilogram;Outer frame
treatment of brake wear emissions, passenger car;RER;kilogram;brake wear emissions, passenger car
Ethene;('air', 'urban air close to ground');kilogram
Dinitrogen monoxide;('air', 'non-urban air or from high stacks');kilogram
Nickel;('air', 'urban air close to ground');kilogram
Chromium, ion;('water', 'surface water');kilogram
market for nylon 6;RoW;kilogram;nylon 6
Cobalt sulfate;GLO;kilogram;Cobalt sulfate
Styrene;('air', 'urban air close to ground');kilogram
ethylene glycol production;RER;kilogram;ethylene glycol
Boron;('water', 'surface water');kilogram
heat production, hardwood chips from forest, at furnace 1000kW, state-of-the-art 2014;CH;megajoule;heat, district or industrial, other than natural gas
